INSERT INTO `characters` (`character_id`, `player_id`, `name`, `race`, `country`, `date_created`, `status`, `last_updated`) VALUES
(1, 1, 'Toughs McGee', 'Human', 'Toughsville', '2008-10-20 15:44:03', 'official', '2010-02-23 20:45:25'),
(2, 1, 'Stinky McGee', 'Terran', 'Terra', '2009-07-17 12:02:51', 'sandbox', '2010-02-23 20:45:25'),
(7, 4, 'Stinky', 'Elf', 'Home', '2010-01-16 13:13:56', 'sandbox', '2010-02-23 20:45:25'),
(6, 1, 'Test C', 'Human', 'Whatevs', '2009-10-09 01:32:17', 'sandbox', '2010-02-23 20:45:25'),
(8, 5, 'Dren Ollevres', 'Human', 'Civen', '2010-02-15 16:56:58', 'sandbox', '2010-02-23 20:45:25'),
(9, 1, 'Jim Dandy', 'Elf', 'Pizza Town', '2010-10-30 13:20:59', 'official', '2010-10-30 13:20:59');


INSERT INTO `character_skills` (`character_skill_id`, `character_id`, `skill_id`, `amount`) VALUES
(1, 1, 1, 1),
(2, 1, 2, 1),
(3, 1, 3, 1),
(4, 1, 148, 2);


INSERT INTO `skills` (`skill_id`, `name`, `requirement1`, `requirement2`, `description`, `cost`, `multiple`, `max`) VALUES
(1, 'Body 1', 0, 0, 'The character has 1 point of body', 1, 'n', 0),
(2, 'Body 2', 1, 0, 'The character now has two points of body.', 2, 'n', 0),
(3, 'Body 3', 2, 0, 'The character now has three points of body.', 3, 'n', 0),
(4, 'Body 4', 3, 0, 'The character now has 4 body points.', 4, 'n', 0),
(5, 'Melee Training', 0, 0, '', 2, 'n', 0),
(6, 'Melee Proficiency', 5, 0, '', 3, 'n', 0),
(7, 'Melee Expert', 6, 0, '', 4, 'n', 0),
(8, 'Melee Master', 7, 0, '', 5, 'n', 0),
(9, 'Two Weapon Training', 5, 0, '', 2, 'n', 0),
(10, 'Two Weapon Expert', 9, 0, '', 3, 'n', 0),
(11, 'Two Weapon Master', 10, 0, '', 4, 'n', 0),
(12, 'Great Weapon Training', 5, 0, '', 2, 'n', 0),
(13, 'Missile Training', 0, 0, '', 2, 'n', 0),
(14, 'Missile Proficiency', 13, 0, '', 2, 'n', 0),
(15, 'Missile Expert', 14, 0, '', 2, 'n', 0),
(16, 'Missile Master', 15, 0, '', 2, 'n', 0),
(17, 'Buckler Fighting', 0, 0, '', 1, 'n', 0),
(18, 'Shield Fighting', 17, 0, '', 1, 'n', 0),
(19, 'Thrown Weapon Training', 0, 0, '', 2, 'n', 0),
(20, 'Thrown Weapon Master', 19, 0, '', 3, 'n', 0),
(21, 'Estimate Value', 0, 0, '', 2, 'n', 0),
(22, 'Tradesman', 21, 0, '', 1, 'n', 0),
(23, 'First Aid', 0, 0, '', 1, 'n', 0),
(24, 'Herbalist', 0, 0, '', 2, 'n', 0),
(25, 'Identify Magic', 0, 0, '', 2, 'n', 0),
(26, 'Merchant', 0, 0, '', 1, 'n', 0),
(27, 'Master Merchant', 26, 0, '', 1, 'n', 0),
(28, 'Read Magic', 0, 0, '', 2, 'n', 0),
(29, 'Brew Potion', 0, 0, '', 2, 'n', 0),
(30, 'Scribe Scroll', 28, 0, '', 4, 'n', 0),
(31, 'Alchemy 1', 0, 0, '', 1, 'n', 0),
(32, 'Alchemy 2', 31, 0, '', 2, 'n', 0),
(33, 'Alchemy 3', 32, 0, '', 3, 'n', 0),
(34, 'Alchemy 4', 33, 0, '', 4, 'n', 0),
(35, 'Alchemy 5', 34, 0, '', 5, 'n', 0),
(36, 'Trapsmith 1', 0, 0, '', 4, 'n', 0),
(37, 'Trapsmith 2', 36, 0, '', 2, 'n', 0),
(38, 'Trapsmith 3', 37, 0, '', 3, 'n', 0),
(39, 'Trapsmith 4', 38, 0, '', 4, 'n', 0),
(40, 'Trapsmith 5', 39, 0, '', 5, 'n', 0),
(41, 'Ornamenter 1', 0, 0, '', 4, 'n', 0),
(42, 'Ornamenter 2', 41, 0, '', 2, 'n', 0),
(43, 'Ornamenter 3', 42, 0, '', 3, 'n', 0),
(44, 'Ornamenter 4', 43, 0, '', 4, 'n', 0),
(45, 'Ornamenter 5', 44, 0, '', 5, 'n', 0),
(46, 'Weaponsmith 1', 0, 0, '', 4, 'n', 0),
(47, 'Weaponsmith 2', 46, 0, '', 2, 'n', 0),
(48, 'Weaponsmith 3', 47, 0, '', 3, 'n', 0),
(49, 'Weaponsmith 4', 48, 0, '', 4, 'n', 0),
(50, 'Weaponsmith 5', 49, 0, '', 5, 'n', 0),
(51, 'Druid 1', 0, 0, '', 4, 'n', 0),
(52, 'Druid 2', 51, 0, '', 4, 'n', 0),
(53, 'Druid 3', 52, 0, '', 4, 'n', 0),
(54, 'Druid 4', 53, 0, '', 4, 'n', 0),
(55, 'Druid 5', 54, 0, '', 4, 'n', 0),
(56, 'Medium 1', 0, 0, '', 4, 'n', 0),
(57, 'Medium 2', 56, 0, '', 4, 'n', 0),
(58, 'Medium 3', 57, 0, '', 4, 'n', 0),
(59, 'Medium 4', 58, 0, '', 4, 'n', 0),
(60, 'Medium 5', 59, 0, '', 4, 'n', 0),
(61, 'Ordained 1', 0, 0, '', 4, 'n', 0),
(62, 'Ordained 2', 61, 0, '', 4, 'n', 0),
(63, 'Ordained 3', 62, 0, '', 4, 'n', 0),
(64, 'Ordained 4', 63, 0, '', 4, 'n', 0),
(65, 'Ordained 5', 64, 0, '', 4, 'n', 0),
(66, 'Status 1', 0, 0, '', 4, 'n', 0),
(67, 'Status 2', 66, 0, '', 4, 'n', 0),
(68, 'Status 3', 67, 0, '', 4, 'n', 0),
(69, 'Status 4', 68, 0, '', 4, 'n', 0),
(70, 'Status 5', 69, 0, '', 4, 'n', 0),
(71, 'Rituals of Protection', 0, 0, '', 4, 'n', 0),
(72, 'Magic Armor', 0, 0, '', 4, 'n', 0),
(73, 'Toughness', 0, 0, '', 1, 'n', 0),
(74, 'Spirit Shield', 72, 73, '', 2, 'n', 0),
(75, 'Anti-Magic Shield', 72, 73, '', 2, 'n', 0),
(76, 'Sanctuary', 74, 75, '', 3, 'n', 0),
(77, 'Improved Magic Armo', 74, 75, '', 3, 'n', 0),
(78, 'Anti-Magic Aura', 76, 77, '', 4, 'n', 0),
(79, 'Poison Immunity', 76, 77, '', 4, 'n', 0),
(80, 'Aura of Reflection', 78, 79, '', 5, 'n', 0),
(81, 'Mind Blank', 78, 79, '', 5, 'n', 0),
(82, 'Battle Rituals', 0, 0, '', 1, 'n', 0),
(83, 'Magic Strike', 0, 0, '', 1, 'n', 0),
(84, 'Strength', 0, 0, '', 1, 'n', 0),
(85, 'Magic Swarm', 83, 84, '', 2, 'n', 0),
(86, 'Mana Burn', 83, 84, '', 2, 'n', 0),
(87, 'Slaying Dart', 85, 86, '', 3, 'n', 0),
(88, 'Spellstore', 85, 86, '', 3, 'n', 0),
(89, 'Maelstrom', 87, 88, '', 4, 'n', 0),
(90, 'Severance', 87, 88, '', 4, 'n', 0),
(91, 'Battle Immunity', 89, 90, '', 5, 'n', 0),
(92, 'Battle Mastery', 89, 90, '', 5, 'n', 0),
(93, 'Rituals of Compulsion', 0, 0, '', 1, 'n', 0),
(94, 'Disengage', 0, 0, '', 1, 'n', 0),
(95, 'Weaken', 0, 0, '', 1, 'n', 0),
(96, 'Charm', 94, 95, '', 2, 'n', 0),
(97, 'Silence', 94, 95, '', 2, 'n', 0),
(98, 'Pin', 96, 97, '', 3, 'n', 0),
(99, 'Polyglot', 96, 97, '', 3, 'n', 0),
(100, 'Fear', 98, 99, '', 4, 'n', 0),
(101, 'Memory Loss', 98, 99, '', 4, 'n', 0),
(102, 'Dominate', 100, 101, '', 5, 'n', 0),
(103, 'Stun', 100, 101, '', 5, 'n', 0),
(104, 'Enchantment Rituals', 0, 0, '', 1, 'n', 0),
(105, 'Magic Lock', 0, 0, '', 1, 'n', 0),
(106, 'Enchance Armor', 0, 0, '', 1, 'n', 0),
(107, 'Enchant Shield', 105, 106, '', 2, 'n', 0),
(108, 'Silvershine', 105, 106, '', 2, 'n', 0),
(109, 'Enchant Weapon', 107, 108, '', 3, 'n', 0),
(110, 'Magic Stone', 107, 108, '', 3, 'n', 0),
(111, 'Dispel Magic', 109, 110, '', 4, 'n', 0),
(112, 'Ablative Armor', 109, 110, '', 4, 'n', 0),
(113, 'Shadowskin', 111, 112, '', 5, 'n', 0),
(114, 'Wraithbane', 111, 112, '', 5, 'n', 0),
(115, 'Rituals of Nature', 0, 0, '', 1, 'n', 0),
(116, 'Mend Armor', 0, 0, '', 1, 'n', 0),
(117, 'Grounding', 0, 0, '', 1, 'n', 0),
(118, 'Dissipate', 116, 117, '', 2, 'n', 0),
(119, 'Repel Nature', 0, 0, '', 2, 'n', 0),
(120, 'Elemental Dart', 118, 119, '', 3, 'n', 0),
(121, 'Elemental Binding', 118, 119, '', 3, 'n', 0),
(122, 'Elemental Weapon', 120, 121, '', 4, 'n', 0),
(123, 'Elemental Command', 120, 121, '', 4, 'n', 0),
(124, 'Ley Lines', 122, 123, '', 5, 'n', 0),
(125, 'Elemental Immunity', 122, 123, '', 5, 'n', 0),
(126, 'Necromantic Rituals', 0, 0, '', 1, 'n', 0),
(127, 'Ghastly Visage', 0, 0, '', 1, 'n', 0),
(128, 'Final Rest', 0, 0, '', 1, 'n', 0),
(129, 'Repel Undead', 127, 128, '', 2, 'n', 0),
(130, 'Creeping Rot', 127, 128, '', 2, 'n', 0),
(131, 'Sanctify', 129, 130, '', 3, 'n', 0),
(132, 'Curse', 129, 130, '', 3, 'n', 0),
(133, 'Lesser Command', 131, 132, '', 4, 'n', 0),
(134, 'Unhallow', 131, 132, '', 4, 'n', 0),
(135, 'Abomination', 133, 134, '', 5, 'n', 0),
(136, 'Greater Command', 133, 134, '', 5, 'n', 0),
(137, 'Rituals of Restoration', 0, 0, '', 1, 'n', 0),
(138, 'Heal Body', 0, 0, '', 1, 'n', 0),
(139, 'Diagnosis', 0, 0, '', 1, 'n', 0),
(140, 'Restore Limb', 138, 139, '', 2, 'n', 0),
(141, 'Purify Spirit', 138, 139, '', 2, 'n', 0),
(142, 'Heal Mortal Would', 140, 141, '', 3, 'n', 0),
(143, 'Group Heal', 140, 141, '', 3, 'n', 0),
(144, 'Panacea', 142, 143, '', 4, 'n', 0),
(145, 'Energy Darts', 142, 143, '', 4, 'n', 0),
(146, 'Revive', 144, 145, '', 5, 'n', 0),
(147, 'Second Breath', 144, 145, '', 5, 'n', 0),
(148, 'Power', 0, 0, '', 1, 'y', 20),
(149, 'Production', 0, 0, '', 1, 'y', 10),
(150, 'Craft', 0, 0, '', 1, 'y', 10),
(151, 'Language: Elvish', 0, 0, '', 1, 'n', 0),
(152, 'Language: Terran', 0, 0, '', 1, 'n', 0),
(153, 'Language: Snow Goblin', 0, 0, '', 1, 'n', 0),
(154, 'Language: Draconic', 0, 0, '', 1, 'n', 0),
(155, 'Language: Diabolic', 0, 0, '', 1, 'n', 0),
(156, 'Language: Canine', 0, 0, '', 1, 'n', 0),
(157, 'Language: Apian', 0, 0, '', 1, 'n', 0),
(158, 'Language: Black Speech', 0, 0, '', 1, 'n', 0),
(159, 'Language: Immortal', 0, 0, '', 1, 'n', 0),
(160, 'Language: Andaranien', 0, 0, '', 1, 'n', 0),
(161, 'Language: Theives'' Cant', 0, 0, '', 1, 'n', 0);



INSERT INTO `users` (`user_id`, `fname`, `lname`, `email`, `username`, `password`, `date_created`) VALUES
(1, 'Andrew', 'Wright', 'aw4249@yahoo.com', 'prime', '974c16daa1633312c2dc28ef419c400fda36ad47', '2009-07-13 16:05:28'),
(2, 'Joe', 'User', '', 'Honkytonk', '*94BDCEBE19083CE2A1F959FD02F964C7AF4CFC29', '2009-11-23 23:52:40'),
(3, 'test', 'test', '', 'Test2', '*94BDCEBE19083CE2A1F959FD02F964C7AF4CFC29', '2009-11-24 23:46:32'),
(4, 'Leslie', 'Zuker', '', 'Leslie', '*C2FCCDF147D49AFCB080A18A57DC977F6ED0ECC0', '2010-01-16 13:12:00'),
(5, 'Rick', 'Servello', '', 'Dren Ollevres', '*676243218923905CF94CB52A3C9D3EB30CE8E20D', '2010-02-15 16:49:46');


INSERT INTO `user_roles` (`user_role_id`, `user_id`, `role`) VALUES
(1, 1, 'admin');






INSERT INTO `xp_assignments` (`xp_assignment_id`, `character_id`, `amount`, `date_added`, `added_by`) VALUES
(1, 1, 5, '2010-03-11 18:16:29', 1),
(2, 1, 5, '2010-03-11 18:18:18', 1),
(3, 1, 5, '2010-03-11 18:18:19', 1),
(4, 1, 5, '2010-03-11 18:18:20', 1),
(5, 1, 5, '2010-10-28 16:40:52', 1),
(6, 1, 5, '2010-10-28 16:45:11', 1),
(7, 1, 5, '2010-10-28 16:47:09', 1),
(8, 1, 5, '2010-10-28 16:48:59', 1),
(9, 1, 5, '2010-10-28 18:34:11', 1),
(10, 1, 10, '2010-10-30 13:20:14', 1),
(11, 1, 10, '2010-10-30 13:20:18', 1),
(12, 1, 10, '2010-10-30 13:20:19', 1),
(13, 1, 10, '2010-10-30 13:20:20', 1),
(14, 1, 10, '2010-10-30 13:20:21', 1),
(15, 1, 10, '2010-10-30 13:20:22', 1),
(16, 1, 10, '2010-10-30 13:20:25', 1),
(17, 9, 5, '2010-10-30 13:21:14', 1);






INSERT INTO `xp_awards` (`xp_award_id`, `player_id`, `amount`, `notes`, `date_added`, `added_by`) VALUES
(1, 3, 2, 'Attendance', '2008-10-04', 1),
(2, 3, 10, 'Bein'' awesome', '2008-10-04', 1),
(3, 1, 1, 'Test', '2010-03-10', 1),
(4, 1, 1, 'Test', '2010-03-10', 1),
(5, 1, 1, 'Test', '2010-03-10', 1),
(6, 2, 4, 'Bein'' awesome', '2010-03-10', 1),
(7, 4, 4, 'Bein'' awesome', '2010-03-10', 1),
(8, 5, 4, 'Bein'' awesome', '2010-03-10', 1),
(9, 1, 20, 'Testing', '2010-03-11', 1),
(10, 1, 100, 'Testing', '2010-10-28', 1),
(11, 4, 100, 'Testing', '2010-10-28', 1),
(12, 5, 100, 'Testing', '2010-10-28', 1);